{
  "best": "baseline",
  "metrics": {
    "baseline": {
      "accuracy": {
        "mean": 0.6434833917045529,
        "std": 0.05786919533701492,
        "ci95": 0.05072458619409745
      },
      "precision": {
        "mean": 0.6434833917045529,
        "std": 0.05786919533701492,
        "ci95": 0.05072458619409745
      },
      "recall": {
        "mean": 1.0,
        "std": 0.0,
        "ci95": 0.0
      },
      "f1": {
        "mean": 0.7818848532008539,
        "std": 0.04216878258304281,
        "ci95": 0.03696256763856441
      }
    },
    "hardneg1": {
      "accuracy": {
        "mean": 0.6202303779694815,
        "std": 0.0359422630570071,
        "ci95": 0.03150478263657373
      },
      "precision": {
        "mean": 0.6681690793919187,
        "std": 0.05933873752151574,
        "ci95": 0.05201269671247362
      },
      "recall": {
        "mean": 0.8154077768669366,
        "std": 0.03678923357886951,
        "ci95": 0.032247185032008276
      },
      "f1": {
        "mean": 0.7329581729613464,
        "std": 0.036079409420751045,
        "ci95": 0.03162499672471549
      }
    },
    "hardneg2": {
      "accuracy": {
        "mean": 0.6434833917045529,
        "std": 0.05786919533701492,
        "ci95": 0.05072458619409745
      },
      "precision": {
        "mean": 0.6434833917045529,
        "std": 0.05786919533701492,
        "ci95": 0.05072458619409745
      },
      "recall": {
        "mean": 1.0,
        "std": 0.0,
        "ci95": 0.0
      },
      "f1": {
        "mean": 0.7818848532008539,
        "std": 0.04216878258304281,
        "ci95": 0.03696256763856441
      }
    }
  }
}