{
  "accuracy": 0.5037037037037037,
  "precision": 0.75,
  "recall": 0.16,
  "f1": 0.26373626373626374,
  "contamination": 0.12
}