{
  "accuracy": 0.9541666666666667,
  "precision": 0.9823008849557522,
  "recall": 0.925,
  "f1": 0.9527896995708155
}