{
  "accuracy": 0.7086956521739131,
  "precision": 0.6,
  "recall": 0.12857142857142856,
  "f1": 0.21176470588235294,
  "contamination": 0.05
}